Date,Nifty50,Nifty100
2019-07-01,12076.5,12393.42
2019-07-02,12068.97,12393.52
2019-07-03,12168.0,12466.5
2019-07-04,12364.98,12718.83
2019-07-05,12332.14,12699.49
2019-07-08,12314.53,12700.39
2019-07-09,12498.66,12912.12
2019-07-10,12603.0,13032.37
2019-07-11,12548.84,12992.47
2019-07-12,12620.15,13097.11
2019-07-15,12565.16,13062.33
2019-07-16,12482.37,13023.52
2019-07-17,12510.13,13056.27
2019-07-18,12276.31,12791.34
2019-07-19,12071.19,12575.05
2019-07-22,11992.9,12526.28
2019-07-23,11895.31,12396.23
2019-07-24,11925.67,12463.66
2019-07-25,11836.77,12380.72
2019-07-26,11680.28,12187.26
2019-07-29,11848.88,12362.9
2019-07-30,11854.06,12337.29
2019-07-31,11849.95,12358.04
2019-08-01,11699.15,12170.95
2019-08-02,11655.27,12134.04
2019-08-05,11664.01,12162.15
2019-08-06,11554.71,12023.44
2019-08-07,11600.33,12049.17
2019-08-08,11539.84,11954.95
2019-08-09,11515.2,11929.93
2019-08-12,11448.9,11821.17
2019-08-13,11679.79,12073.47
2019-08-14,11695.43,12074.76
2019-08-15,11550.56,12009.67
2019-08-16,11670.8,12161.96
2019-08-19,11508.3,12010.18
2019-08-20,11552.98,12040.2
2019-08-21,11346.69,11819.81
2019-08-22,11184.6,11694.2
2019-08-23,11206.33,11693.76
2019-08-26,11279.47,11756.42
2019-08-27,11301.27,11771.68
2019-08-28,11289.09,11774.17
2019-08-29,11271.29,11752.37
2019-08-30,11127.3,11597.39
2019-09-02,11071.43,11494.46
2019-09-03,11017.46,11403.2
2019-09-04,11137.19,11549.56
2019-09-05,11157.45,11581.48
2019-09-06,10953.17,11338.18
2019-09-09,11007.47,11384.58
2019-09-10,10992.4,11358.89
2019-09-11,10905.54,11282.42
2019-09-12,10969.83,11351.61
2019-09-13,11088.68,11476.04
2019-09-16,11201.96,11586.12
2019-09-17,11101.11,11466.2
2019-09-18,11077.73,11422.13
2019-09-19,11113.38,11476.5
2019-09-20,11227.74,11604.38
2019-09-23,11186.59,11555.41
2019-09-24,11171.08,11520.73
2019-09-25,11045.69,11390.68
2019-09-26,10916.25,11215.65
2019-09-27,11009.63,11319.08
2019-09-30,11160.24,11509.73
2019-10-01,11153.81,11480.11
2019-10-02,11294.41,11594.95
2019-10-03,11348.93,11650.3
2019-10-04,11276.32,11600.94
2019-10-07,11332.67,11642.09
2019-10-08,11508.97,11821.28
2019-10-09,11527.31,11786.09
2019-10-10,11719.95,11985.53
2019-10-11,11414.49,11703.66
2019-10-14,11520.92,11814.56
2019-10-15,11513.71,11830.7
2019-10-16,11468.15,11805.8
2019-10-17,11466.97,11822.71
2019-10-18,11244.78,11569.19
2019-10-21,11249.78,11563.51
2019-10-22,11327.26,11616.28
2019-10-23,11510.48,11800.81
2019-10-24,11463.1,11724.97
2019-10-25,11349.14,11656.32
2019-10-28,11289.39,11613.51
2019-10-29,11387.72,11719.66
2019-10-30,11421.97,11784.01
2019-10-31,11364.0,11715.74
2019-11-01,11421.44,11769.62
2019-11-04,11409.57,11773.25
2019-11-05,11537.15,11864.79
2019-11-06,11445.41,11792.91
2019-11-07,11416.51,11724.59
2019-11-08,11406.66,11659.93
2019-11-11,11230.63,11450.24
2019-11-12,11233.69,11489.61
2019-11-13,11264.55,11523.76
2019-11-14,11286.12,11524.16
2019-11-15,11292.66,11482.86
2019-11-18,11119.44,11298.42
2019-11-19,11084.55,11262.89
2019-11-20,11045.04,11218.59
2019-11-21,10959.52,11136.2
2019-11-22,10983.43,11107.53
2019-11-25,11012.59,11162.85
2019-11-26,11230.72,11410.15
2019-11-27,11262.45,11447.05
2019-11-28,11312.45,11475.93
2019-11-29,11310.75,11477.39
2019-12-02,11101.78,11249.84
2019-12-03,11098.62,11252.45
2019-12-04,11114.41,11259.31
2019-12-05,11390.83,11550.25
2019-12-06,11383.09,11536.75
2019-12-09,11417.81,11560.58
2019-12-10,11424.68,11543.65
2019-12-11,11295.12,11383.91
2019-12-12,11446.63,11496.09
2019-12-13,11538.09,11569.6
2019-12-16,11609.8,11673.37
2019-12-17,11527.38,11552.41
2019-12-18,11682.69,11735.93
2019-12-19,11513.57,11571.39
2019-12-20,11578.51,11611.84
2019-12-23,11859.7,11893.95
2019-12-24,11715.03,11792.58
2019-12-25,11700.06,11710.56
2019-12-26,11732.95,11736.25
2019-12-27,11682.3,11664.82
2019-12-30,11504.47,11484.39
2019-12-31,11522.03,11475.4
2020-01-01,11411.72,11321.98
2020-01-02,11480.9,11376.51
2020-01-03,11388.01,11271.21
2020-01-06,11572.62,11451.33
2020-01-07,11483.9,11342.43
2020-01-08,11449.9,11302.94
2020-01-09,11546.42,11408.91
2020-01-10,11425.17,11267.81
2020-01-13,11465.35,11303.27
2020-01-14,11579.39,11450.52
2020-01-15,11406.86,11286.01
2020-01-16,11436.32,11292.37
2020-01-17,11471.45,11337.14
2020-01-20,11561.69,11456.0
2020-01-21,11439.43,11323.07
2020-01-22,11306.29,11169.66
2020-01-23,11360.14,11226.51
2020-01-24,11405.38,11285.05
2020-01-27,11425.65,11294.74
2020-01-28,11451.12,11323.76
2020-01-29,11369.05,11242.25
2020-01-30,11413.43,11296.87
2020-01-31,11466.28,11343.65
2020-02-03,11396.6,11247.75
2020-02-04,11626.75,11465.96
2020-02-05,11695.38,11517.03
2020-02-06,11551.07,11367.26
2020-02-07,11639.29,11467.99
2020-02-10,11542.23,11332.73
2020-02-11,11650.26,11459.77
2020-02-12,11809.3,11618.41
2020-02-13,11727.78,11545.02
2020-02-14,11852.43,11657.94
2020-02-17,11923.37,11710.99
2020-02-18,12027.44,11790.43
2020-02-19,12249.74,12018.99
2020-02-20,11804.51,11756.81
2020-02-21,11274.75,11763.63
2020-02-24,11056.64,11007.08
2020-02-25,10827.12,10831.66
2020-02-26,10823.32,10690.61
2020-02-27,10204.67,10074.47
2020-02-28,10091.95,9430.43
2020-03-02,9947.51,8998.21
2020-03-03,9636.2,8603.96
2020-03-04,9442.04,8518.01
2020-03-05,9403.0,8154.37
2020-03-06,9329.86,7759.11
2020-03-09,8821.41,7428.4
2020-03-10,8742.13,7419.06
2020-03-11,8484.24,7213.64
2020-03-12,8261.01,6980.74
2020-03-13,8043.72,6766.93
2020-03-16,7790.48,6786.47
2020-03-17,7787.57,6474.9
2020-03-18,7554.4,6497.24
2020-03-19,7146.82,6348.01
2020-03-20,6881.51,6145.92
2020-03-23,6717.33,6341.28
2020-03-24,6780.86,6393.49
2020-03-25,6810.35,6422.89
2020-03-26,6716.85,6352.52
2020-03-27,6706.22,6369.54
2020-03-30,6737.01,6382.83
2020-03-31,6695.49,6325.39
2020-04-01,6719.5,6341.64
2020-04-02,6728.42,6350.37
2020-04-03,6649.94,6259.64
2020-04-06,6683.85,6277.25
2020-04-07,6716.61,6316.32
2020-04-08,6797.16,6395.89
2020-04-09,6876.92,6446.99
2020-04-10,6793.89,6356.23
2020-04-13,6756.53,6298.85
2020-04-14,6798.16,6344.13
2020-04-15,6832.24,6388.08
2020-04-16,6870.75,6431.3
2020-04-17,7125.51,6683.93
2020-04-20,7163.66,6706.83
2020-04-21,7245.37,6785.16
2020-04-22,7313.71,6866.51
2020-04-23,7366.61,6931.48
2020-04-24,7339.08,6919.96
2020-04-27,7409.08,6982.66
2020-04-28,7354.9,6934.21
2020-04-29,7340.76,6914.51
2020-04-30,7305.31,6881.64
2020-05-01,7316.25,6909.0
2020-05-04,7498.02,7068.39
2020-05-05,7352.28,6952.68
2020-05-06,7400.54,7002.2
2020-05-07,7280.94,6902.91
2020-05-08,7237.43,6857.18
2020-05-11,7312.84,6944.53
2020-05-12,7316.67,6944.55
2020-05-13,7248.74,6854.73
2020-05-14,7202.33,6809.52
2020-05-15,7256.85,6871.83
2020-05-18,7214.66,6813.92
2020-05-19,7232.59,6816.55
2020-05-20,7242.92,6822.17
2020-05-21,7197.85,6778.41
2020-05-22,7359.23,6938.68
2020-05-25,7404.35,6998.22
2020-05-26,7233.99,6853.72
2020-05-27,7249.81,6890.43
2020-05-28,7217.9,6848.89
2020-05-29,7291.77,6909.23
2020-06-01,7245.86,6838.21
2020-06-02,7252.22,6830.62
2020-06-03,7293.4,6866.24
2020-06-04,7362.32,6941.82
2020-06-05,7271.03,6863.71
2020-06-08,7247.09,6830.5
2020-06-09,7221.47,6802.02
2020-06-10,7188.31,6766.4
2020-06-11,7318.38,6910.21
2020-06-12,7347.58,6952.38
2020-06-15,7257.71,6873.04
2020-06-16,7333.8,6942.67
2020-06-17,7480.82,7103.5
2020-06-18,7540.59,7197.23
2020-06-19,7423.48,7072.04
2020-06-22,7379.36,7036.06
2020-06-23,7472.38,7123.64
2020-06-24,7421.25,7079.03
2020-06-25,7453.74,7128.91
2020-06-26,7529.13,7183.15
2020-06-29,7465.47,7090.46
2020-06-30,7467.37,7084.99
2020-07-01,7232.83,6860.0
2020-07-02,7151.22,6796.17
2020-07-03,7145.78,6786.29
2020-07-06,7058.64,6698.65
2020-07-07,7184.1,6802.13
2020-07-08,7074.26,6709.91
2020-07-09,7032.41,6673.74
2020-07-10,7052.27,6709.07
2020-07-13,7161.42,6818.93
2020-07-14,7053.05,6714.31
2020-07-15,7131.36,6792.35
2020-07-16,7145.61,6795.45
2020-07-17,7067.61,6726.93
2020-07-20,7118.52,6774.41
2020-07-21,7128.12,6793.78
2020-07-22,7094.12,6746.93
2020-07-23,7099.56,6775.26
2020-07-24,7080.76,6752.01
2020-07-27,7087.38,6771.51
2020-07-28,7136.6,6814.98
2020-07-29,7254.45,6934.6
2020-07-30,7158.24,6852.22
2020-07-31,7322.22,6987.15
2020-08-03,7176.91,6871.02
2020-08-04,7167.28,6877.55
2020-08-05,7204.21,6918.72
2020-08-06,7204.79,6930.35
2020-08-07,7161.27,6892.72
2020-08-10,7171.42,6882.17
2020-08-11,7146.29,6854.18
2020-08-12,7107.07,6817.66
2020-08-13,7168.96,6886.68
2020-08-14,7198.37,6931.35
2020-08-17,7156.49,6891.07
2020-08-18,7214.14,6947.53
2020-08-19,7250.05,6988.07
2020-08-20,7319.43,7068.64
2020-08-21,7375.99,7153.49
2020-08-24,7321.95,7082.74
2020-08-25,7284.28,7047.73
2020-08-26,7348.78,7082.86
2020-08-27,7402.97,7137.47
2020-08-28,7401.64,7133.3
2020-08-31,7408.56,7167.15
2020-09-01,7508.45,7257.14
2020-09-02,7481.91,7196.81
2020-09-03,7515.05,7235.96
2020-09-04,7489.42,7201.83
2020-09-07,7478.11,7197.63
2020-09-08,7564.96,7260.0
2020-09-09,7633.15,7326.21
2020-09-10,7701.72,7367.82
2020-09-11,7804.56,7467.73
2020-09-14,7824.58,7492.39
2020-09-15,7866.31,7553.47
2020-09-16,7837.24,7522.59
2020-09-17,7865.56,7551.3
2020-09-18,7842.71,7545.04
2020-09-21,7852.37,7562.01
2020-09-22,7919.65,7596.26
2020-09-23,7858.32,7542.51
2020-09-24,8030.07,7678.17
2020-09-25,7939.72,7594.07
2020-09-28,7840.17,7496.16
2020-09-29,7931.72,7597.59
2020-09-30,7995.61,7664.15
2020-10-01,8062.62,7700.7
2020-10-02,8123.19,7742.87
2020-10-05,8114.68,7748.15
2020-10-06,8047.68,7678.76
2020-10-07,8062.71,7681.62
2020-10-08,8023.1,7625.55
2020-10-09,8121.75,7714.98
2020-10-12,8103.19,7700.72
2020-10-13,8031.35,7637.4
2020-10-14,7996.44,7641.78
2020-10-15,8031.17,7661.23
2020-10-16,7994.08,7597.8
2020-10-19,7941.58,7546.01
2020-10-20,7964.11,7560.8
2020-10-21,7984.36,7580.01
2020-10-22,7948.89,7534.51
2020-10-23,7906.57,7498.27
2020-10-26,7949.64,7538.96
2020-10-27,7821.3,7438.75
2020-10-28,7715.89,7343.71
2020-10-29,7683.37,7276.14
2020-10-30,7670.56,7250.41
2020-11-02,7696.41,7245.02
2020-11-03,7811.06,7350.48
2020-11-04,7880.53,7430.73
2020-11-05,7885.21,7428.11
2020-11-06,7865.48,7427.74
2020-11-09,7804.94,7353.76
2020-11-10,7793.2,7348.02
2020-11-11,7771.62,7331.99
2020-11-12,7796.39,7369.06
2020-11-13,7740.88,7290.6
2020-11-16,7769.5,7337.01
2020-11-17,7897.76,7468.32
2020-11-18,7913.0,7458.7
2020-11-19,7935.22,7501.77
2020-11-20,7996.09,7592.56
2020-11-23,7960.89,7563.41
2020-11-24,7986.94,7589.46
2020-11-25,7991.95,7585.4
2020-11-26,7997.16,7599.03
2020-11-27,7943.58,7547.25
2020-11-30,7967.38,7555.23
2020-12-01,8009.25,7585.96
2020-12-02,8137.47,7706.6
2020-12-03,8206.76,7805.01
2020-12-04,8378.89,7989.08
2020-12-07,8323.06,7941.42
2020-12-08,8415.76,8014.4
2020-12-09,8439.09,8043.12
2020-12-10,8626.04,8233.71
2020-12-11,8559.87,8156.29
2020-12-14,8478.01,8093.24
2020-12-15,8437.29,8034.19
2020-12-16,8270.07,7852.81
2020-12-17,8225.47,7816.13
2020-12-18,8161.58,7761.99
2020-12-21,8180.57,7763.44
2020-12-22,8208.15,7807.76
2020-12-23,8366.59,7970.92
2020-12-24,8472.85,8044.77
2020-12-25,8424.98,7981.04
2020-12-28,8348.9,7908.65
2020-12-29,8387.46,7947.46
2020-12-30,8287.71,7843.76
2020-12-31,8442.75,7992.48
2021-01-01,8540.23,8069.15
2021-01-04,8518.13,8028.87
2021-01-05,8390.34,7886.03
2021-01-06,8502.48,8008.78
2021-01-07,8476.72,7994.41
2021-01-08,8597.27,8122.37
2021-01-11,8455.78,7967.34
2021-01-12,8417.15,7938.1
2021-01-13,8400.71,7939.67
2021-01-14,8418.14,7958.23
2021-01-15,8371.11,7925.95
2021-01-18,8435.36,7995.42
2021-01-19,8348.76,7905.78
2021-01-20,8330.72,7884.33
2021-01-21,8340.51,7915.73
2021-01-22,8394.94,7960.57
2021-01-25,8460.27,8026.18
2021-01-26,8374.63,7951.95
2021-01-27,8269.98,7816.17
2021-01-28,8364.12,7931.18
2021-01-29,8413.16,7955.14
2021-02-01,8354.8,7895.54
2021-02-02,8479.94,8027.65
2021-02-03,8479.65,8022.32
2021-02-04,8582.46,8114.79
2021-02-05,8602.35,8141.78
2021-02-08,8783.74,8331.57
2021-02-09,8960.05,8486.89
2021-02-10,8925.45,8472.39
2021-02-11,9016.97,8558.22
2021-02-12,9065.69,8638.16
2021-02-15,9199.22,8762.61
2021-02-16,9124.41,8682.27
2021-02-17,9187.01,8764.16
2021-02-18,9259.25,8854.19
2021-02-19,9101.85,8718.46
2021-02-22,9002.64,8594.54
2021-02-23,8826.47,8438.7
2021-02-24,8820.45,8414.3
2021-02-25,8876.54,8478.01
2021-02-26,9022.79,8589.37
2021-03-01,9047.38,8594.1
2021-03-02,9179.92,8729.76
2021-03-03,9060.3,8600.51
2021-03-04,8903.31,8450.65
2021-03-05,8901.65,8462.71
2021-03-08,8944.24,8503.46
2021-03-09,8940.07,8508.9
2021-03-10,8750.42,8315.6
2021-03-11,8747.1,8300.48
2021-03-12,8624.28,8215.57
2021-03-15,8674.8,8267.32
2021-03-16,8718.41,8324.49
2021-03-17,8627.35,8244.11
2021-03-18,8594.02,8204.19
2021-03-19,8511.37,8131.77
2021-03-22,8491.54,8146.79
2021-03-23,8570.08,8230.29
2021-03-24,8501.91,8145.01
2021-03-25,8538.64,8191.01
2021-03-26,8492.08,8154.29
2021-03-29,8433.2,8102.58
2021-03-30,8436.45,8097.64
2021-03-31,8349.76,8022.41
2021-04-01,8300.86,8000.93
2021-04-02,8219.47,7910.08
2021-04-05,8404.15,8079.42
2021-04-06,8421.51,8067.06
2021-04-07,8367.03,7978.97
2021-04-08,8380.54,8005.56
2021-04-09,8366.27,7998.99
2021-04-12,8357.13,7978.1
2021-04-13,8417.25,8036.04
2021-04-14,8500.39,8102.54
2021-04-15,8465.95,8076.27
2021-04-16,8404.81,8033.03
2021-04-19,8396.65,8004.6
2021-04-20,8195.28,7829.54
2021-04-21,8070.06,7707.44
2021-04-22,8187.63,7827.15
2021-04-23,8347.86,7958.98
2021-04-26,8363.59,7934.18
2021-04-27,8422.57,7986.71
2021-04-28,8451.06,8016.67
2021-04-29,8723.03,8283.26
2021-04-30,8835.37,8380.25
2021-05-03,8824.62,8349.03
2021-05-04,8763.79,8264.56
2021-05-05,8628.61,8141.0
2021-05-06,8655.82,8158.44
2021-05-07,8601.22,8095.18
2021-05-10,8486.59,7992.1
2021-05-11,8444.29,7933.39
2021-05-12,8349.69,7828.87
2021-05-13,8489.78,7968.06
2021-05-14,8557.5,8038.95
2021-05-17,8565.62,8030.04
2021-05-18,8705.88,8155.33
2021-05-19,8721.83,8172.25
2021-05-20,8668.67,8103.02
2021-05-21,8805.82,8239.24
2021-05-24,8865.26,8313.01
2021-05-25,8764.61,8223.02
2021-05-26,8747.69,8214.44
2021-05-27,8682.32,8137.16
2021-05-28,8574.74,8013.4
2021-05-31,8655.69,8087.13
2021-06-01,8825.61,8245.55
2021-06-02,8688.53,8134.44
2021-06-03,8738.06,8216.17
2021-06-04,8694.72,8155.42
2021-06-07,8662.47,8112.82
2021-06-08,8620.34,8066.08
2021-06-09,8549.91,8002.68
2021-06-10,8558.24,8014.0
2021-06-11,8483.52,7964.97
2021-06-14,8518.16,7960.87
2021-06-15,8522.42,7930.74
2021-06-16,8511.23,7908.78
2021-06-17,8431.79,7851.77
2021-06-18,8363.91,7789.23
2021-06-21,8443.14,7817.36
2021-06-22,8484.69,7868.97
2021-06-23,8395.91,7795.94
2021-06-24,8415.65,7794.47
2021-06-25,8479.24,7847.11
2021-06-28,8351.92,7702.86
2021-06-29,8408.13,7751.52
2021-06-30,8363.22,7694.34
2021-07-01,8400.91,7749.77
2021-07-02,8353.11,7657.3
2021-07-05,8207.88,7507.11
2021-07-06,8073.33,7370.53
2021-07-07,8082.55,7374.89
2021-07-08,8089.47,7392.21
2021-07-09,8023.75,7335.68
2021-07-12,8068.81,7366.53
2021-07-13,7923.78,7243.49
2021-07-14,7907.07,7248.48
2021-07-15,7825.41,7182.03
2021-07-16,7771.52,7131.48
2021-07-19,7793.95,7142.18
2021-07-20,7724.81,7061.56
2021-07-21,7681.93,7010.23
2021-07-22,7752.7,7096.36
2021-07-23,7723.38,7057.27
2021-07-26,7790.6,7135.17
2021-07-27,7700.22,7039.49
2021-07-28,7746.56,7087.51
2021-07-29,7867.7,7218.08
2021-07-30,7686.52,7041.0
2021-08-02,7642.47,6989.24
2021-08-03,7687.1,7034.72
2021-08-04,7662.18,7005.96
2021-08-05,7690.5,7051.42
2021-08-06,7649.87,7003.87
2021-08-09,7650.9,7019.21
2021-08-10,7633.31,6994.06
2021-08-11,7730.1,7069.43
2021-08-12,7753.13,7107.61
2021-08-13,7783.52,7132.18
2021-08-16,7747.48,7121.51
2021-08-17,7710.84,7088.07
2021-08-18,7671.92,7039.16
2021-08-19,7714.68,7081.4
2021-08-20,7695.68,7047.35
2021-08-23,7703.92,7079.83
2021-08-24,7859.72,7236.34
2021-08-25,7917.65,7287.87
2021-08-26,7888.92,7268.67
2021-08-27,7987.36,7388.17
2021-08-30,7943.72,7366.24
2021-08-31,7775.1,7213.17
2021-09-01,7689.97,7153.39
2021-09-02,7550.64,7020.21
2021-09-03,7528.14,7000.36
2021-09-06,7526.28,6993.14
2021-09-07,7658.71,7121.04
2021-09-08,7682.32,7160.38
2021-09-09,7666.38,7138.2
2021-09-10,7750.28,7219.29
2021-09-13,7594.34,7055.91
2021-09-14,7603.55,7066.82
2021-09-15,7674.2,7138.05
2021-09-16,7571.33,7028.67
2021-09-17,7651.27,7124.12
2021-09-20,7688.91,7149.45
2021-09-21,7675.28,7121.46
2021-09-22,7717.04,7177.37
2021-09-23,7888.4,7353.61
2021-09-24,7916.74,7348.05
2021-09-27,7943.02,7357.68
2021-09-28,7915.54,7336.97
2021-09-29,7854.91,7274.27
2021-09-30,7928.25,7334.66
2021-10-01,7850.37,7257.34
2021-10-04,7870.13,7254.0
2021-10-05,7847.58,7198.48
2021-10-06,7886.94,7236.74
2021-10-07,7916.79,7258.61
2021-10-08,7988.07,7329.44
2021-10-11,7955.99,7293.44
2021-10-12,7943.87,7280.78
2021-10-13,7868.67,7234.32
2021-10-14,7848.32,7187.27
2021-10-15,7878.6,7232.15
2021-10-18,7948.07,7303.72
2021-10-19,7867.77,7228.38
2021-10-20,7940.24,7299.61
2021-10-21,8050.77,7400.83
2021-10-22,8090.44,7438.47
2021-10-25,8243.57,7604.94
2021-10-26,8181.84,7554.8
2021-10-27,8091.61,7466.86
2021-10-28,7945.94,7327.46
2021-10-29,8053.46,7427.91
2021-11-01,8128.16,7479.68
2021-11-02,8141.62,7493.28
2021-11-03,8155.22,7500.78
2021-11-04,8073.68,7404.29
2021-11-05,8271.43,7597.66
2021-11-08,8288.89,7599.85
2021-11-09,8305.04,7602.78
2021-11-10,8367.3,7658.83
2021-11-11,8403.59,7684.45
2021-11-12,8419.24,7694.35
2021-11-15,8346.45,7643.48
2021-11-16,8381.34,7668.99
2021-11-17,8543.61,7803.51
2021-11-18,8655.83,7908.77
2021-11-19,8806.38,8052.77
2021-11-22,8781.7,8011.48
2021-11-23,8691.88,7927.19
2021-11-24,8687.62,7921.31
2021-11-25,8702.1,7908.05
2021-11-26,8807.39,8008.07
2021-11-29,8662.19,7876.0
2021-11-30,8807.96,8000.05
2021-12-01,8803.48,8003.55
2021-12-02,8756.06,7957.8
2021-12-03,8680.5,7892.17
2021-12-06,8549.55,7762.25
2021-12-07,8616.34,7828.4
2021-12-08,8627.22,7838.01
2021-12-09,8526.59,7735.48
2021-12-10,8417.1,7650.05
2021-12-13,8404.0,7614.18
2021-12-14,8574.4,7740.9
2021-12-15,8547.56,7736.49
2021-12-16,8407.26,7612.19
2021-12-17,8393.66,7607.32
2021-12-20,8382.21,7609.89
2021-12-21,8155.92,7395.53
2021-12-22,8170.27,7402.97
2021-12-23,8141.37,7375.42
2021-12-24,8209.48,7441.21
2021-12-27,8360.11,7590.25
2021-12-28,8477.13,7688.55
2021-12-29,8479.47,7663.05
2021-12-30,8380.75,7558.67
2021-12-31,8596.31,7770.59
2022-01-03,8614.85,7753.98
2022-01-04,8615.96,7755.07
2022-01-05,8617.47,7768.47
2022-01-06,8639.06,7790.66
2022-01-07,8609.71,7806.74
2022-01-10,8563.87,7776.67
2022-01-11,8513.31,7728.31
2022-01-12,8509.26,7729.85
2022-01-13,8482.18,7689.45
2022-01-14,8411.85,7617.13
2022-01-17,8433.5,7618.05
2022-01-18,8412.88,7594.91
2022-01-19,8541.45,7693.05
2022-01-20,8325.8,7485.47
2022-01-21,8424.93,7571.17
2022-01-24,8540.81,7653.04
2022-01-25,8376.81,7496.78
2022-01-26,8348.37,7482.24
2022-01-27,8314.65,7459.74
2022-01-28,8189.29,7350.5
2022-01-31,8120.47,7301.57
2022-02-01,8063.61,7228.73
2022-02-02,8222.51,7367.47
2022-02-03,8289.97,7433.21
2022-02-04,8386.35,7538.38
2022-02-07,8456.44,7612.85
2022-02-08,8370.06,7520.14
2022-02-09,8335.59,7507.71
2022-02-10,8377.99,7543.41
2022-02-11,8277.46,7451.72
2022-02-14,8344.3,7502.74
2022-02-15,8328.97,7490.36
2022-02-16,8278.18,7444.35
2022-02-17,8339.05,7496.65
2022-02-18,8371.41,7522.09
2022-02-21,8346.79,7499.2
2022-02-22,8479.69,7605.03
2022-02-23,8395.26,7531.09
2022-02-24,8448.06,7554.91
2022-02-25,8512.39,7629.53
2022-02-28,8495.07,7612.31
2022-03-01,8531.53,7632.58
2022-03-02,8434.53,7539.0
2022-03-03,8538.96,7617.24
2022-03-04,8514.94,7598.38
2022-03-07,8479.22,7563.23
2022-03-08,8563.01,7642.22
2022-03-09,8512.29,7585.19
2022-03-10,8385.65,7469.71
2022-03-11,8253.67,7335.71
2022-03-14,8304.95,7387.24
2022-03-15,8211.93,7299.4
2022-03-16,8370.59,7442.07
2022-03-17,8185.79,7294.33
2022-03-18,8330.22,7430.29
2022-03-21,8344.45,7444.04
2022-03-22,8327.06,7450.1
2022-03-23,8283.02,7395.67
2022-03-24,8317.06,7419.53
2022-03-25,8343.3,7409.04
2022-03-28,8444.6,7510.28
2022-03-29,8443.69,7534.07
2022-03-30,8454.49,7555.36
2022-03-31,8438.41,7543.31
2022-04-01,8459.79,7532.14
2022-04-04,8473.16,7564.11
2022-04-05,8311.08,7431.92
2022-04-06,8221.69,7341.37
2022-04-07,8291.23,7400.4
2022-04-08,8300.39,7412.72
2022-04-11,8294.54,7408.54
2022-04-12,8272.49,7423.86
2022-04-13,8305.44,7446.55
2022-04-14,8267.65,7407.75
2022-04-15,8216.35,7339.15
2022-04-18,8225.99,7328.85
2022-04-19,8149.68,7260.27
2022-04-20,8177.59,7301.64
2022-04-21,8043.79,7179.07
2022-04-22,8121.98,7237.38
2022-04-25,8160.36,7272.52
2022-04-26,8175.06,7270.08
2022-04-27,8266.63,7363.62
2022-04-28,8418.28,7482.15
2022-04-29,8505.87,7579.54
2022-05-02,8352.51,7449.56
2022-05-03,8233.52,7343.62
2022-05-04,8182.48,7286.47
2022-05-05,8188.01,7296.08
2022-05-06,8261.67,7329.25
2022-05-09,8193.59,7278.78
2022-05-10,8228.03,7290.99
2022-05-11,8179.64,7216.91
2022-05-12,8136.01,7149.27
2022-05-13,8042.56,7050.84
2022-05-16,7975.32,6980.44
2022-05-17,7874.38,6879.75
2022-05-18,7800.15,6820.92
2022-05-19,7898.72,6911.6
2022-05-20,7837.81,6843.86
2022-05-23,8043.32,7030.84
2022-05-24,8073.77,7075.92
2022-05-25,8090.6,7077.9
2022-05-26,8016.3,7020.75
2022-05-27,8076.06,7081.44
2022-05-30,8045.64,7050.17
2022-05-31,8054.73,7041.1
2022-06-01,8265.97,7223.51
2022-06-02,8262.5,7209.89
2022-06-03,8370.98,7300.73
2022-06-06,8291.94,7256.52
2022-06-07,8286.63,7274.58
2022-06-08,8440.68,7406.42
2022-06-09,8404.12,7356.02
2022-06-10,8556.44,7511.57
2022-06-13,8601.32,7574.06
2022-06-14,8563.37,7548.66
2022-06-15,8615.18,7605.45
2022-06-16,8690.82,7672.25
2022-06-17,8742.59,7709.53
2022-06-20,8606.35,7568.69
2022-06-21,8540.82,7523.13
2022-06-22,8499.85,7521.59
2022-06-23,8507.12,7541.41
2022-06-24,8578.06,7603.82
2022-06-27,8604.55,7635.56
2022-06-28,8480.5,7526.39
2022-06-29,8514.89,7546.16
2022-06-30,8571.27,7607.9
2022-07-01,8630.18,7660.94
2022-07-04,8735.57,7752.1
2022-07-05,8805.07,7827.87
2022-07-06,8850.92,7873.09
2022-07-07,8853.98,7887.18
2022-07-08,8726.21,7771.01
2022-07-11,8775.9,7816.22
2022-07-12,8807.17,7847.39
2022-07-13,8836.4,7879.78
2022-07-14,8742.6,7773.4
2022-07-15,8656.02,7699.17
2022-07-18,8742.63,7770.36
2022-07-19,8758.77,7783.92
2022-07-20,8830.8,7828.27
2022-07-21,8832.6,7837.98
2022-07-22,8834.12,7833.86
2022-07-25,8925.17,7920.98
2022-07-26,8888.21,7882.0
2022-07-27,8903.26,7873.99
2022-07-28,8869.51,7845.27
2022-07-29,8853.89,7806.59
2022-08-01,8842.47,7796.21
2022-08-02,8868.6,7818.1
2022-08-03,8840.54,7787.94
2022-08-04,8945.15,7881.71
2022-08-05,8873.23,7805.02
2022-08-08,8880.97,7788.09
2022-08-09,8843.4,7766.86
2022-08-10,8967.14,7908.05
2022-08-11,8981.81,7918.1
2022-08-12,9067.17,8020.38
2022-08-15,8926.76,7873.11
2022-08-16,8950.87,7884.06
2022-08-17,9019.54,7948.97
2022-08-18,9031.49,7942.78
2022-08-19,9143.05,8014.87
2022-08-22,9089.28,7980.97
2022-08-23,9240.12,8099.15
2022-08-24,9464.56,8301.53
2022-08-25,9446.75,8283.37
2022-08-26,9401.0,8252.59
2022-08-29,9553.31,8389.9
2022-08-30,9696.81,8530.88
2022-08-31,9661.2,8472.81
2022-09-01,9626.98,8454.12
2022-09-02,9610.93,8425.71
2022-09-05,9471.03,8299.73
2022-09-06,9377.17,8222.27
2022-09-07,9293.79,8128.71
2022-09-08,9215.19,8062.53
2022-09-09,9221.73,8067.99
2022-09-12,9232.01,8096.06
2022-09-13,9390.54,8219.11
2022-09-14,9285.94,8131.58
2022-09-15,9388.95,8232.57
2022-09-16,9380.57,8224.78
2022-09-19,9372.13,8251.51
2022-09-20,9447.21,8328.81
2022-09-21,9347.9,8250.76
2022-09-22,9382.04,8269.61
2022-09-23,9390.32,8297.97
2022-09-26,9418.18,8343.86
2022-09-27,9454.27,8365.84
2022-09-28,9674.1,8585.7
2022-09-29,9617.68,8545.83
2022-09-30,9567.6,8509.65
2022-10-03,9520.25,8446.98
2022-10-04,9467.86,8412.27
2022-10-05,9407.61,8352.27
2022-10-06,9533.51,8462.48
2022-10-07,9678.57,8587.59
2022-10-10,9631.36,8537.94
2022-10-11,9560.84,8478.61
2022-10-12,9592.32,8510.47
2022-10-13,9552.64,8491.92
2022-10-14,9625.5,8527.64
2022-10-17,9637.44,8541.83
2022-10-18,9491.84,8416.47
2022-10-19,9643.93,8563.77
2022-10-20,9821.45,8726.52
2022-10-21,9769.6,8674.48
2022-10-24,9753.7,8649.43
2022-10-25,9799.74,8676.28
2022-10-26,9821.24,8729.78
2022-10-27,9898.8,8805.4
2022-10-28,10120.64,9005.85
2022-10-31,10112.35,8980.05
2022-11-01,10049.7,8908.87
2022-11-02,9940.25,8781.35
2022-11-03,9884.57,8705.09
2022-11-04,9889.08,8711.35
2022-11-07,10085.68,8870.78
2022-11-08,10039.71,8836.61
2022-11-09,10067.43,8846.66
2022-11-10,10066.11,8873.48
2022-11-11,10211.3,8974.97
2022-11-14,10465.7,9218.25
2022-11-15,10434.89,9183.45
2022-11-16,10394.96,9133.03
2022-11-17,10490.98,9248.95
2022-11-18,10572.94,9301.18
2022-11-21,10746.79,9505.6
2022-11-22,10823.63,9568.22
2022-11-23,10801.66,9528.25
2022-11-24,10863.05,9586.98
2022-11-25,10991.3,9714.43
2022-11-28,11114.49,9793.15
2022-11-29,11169.53,9838.09
2022-11-30,11280.03,9948.61
2022-12-01,11439.4,10056.02
2022-12-02,11632.49,10234.3
2022-12-05,11714.14,10299.26
2022-12-06,11714.92,10299.97
2022-12-07,11757.62,10324.18
2022-12-08,11895.2,10442.76
2022-12-09,11795.64,10359.17
2022-12-12,11863.38,10416.8
2022-12-13,11847.18,10376.29
2022-12-14,11864.66,10404.03
2022-12-15,12010.04,10564.18
2022-12-16,12068.96,10605.69
2022-12-19,12072.28,10608.4
2022-12-20,11907.47,10445.68
2022-12-21,12007.84,10521.79
2022-12-22,12115.19,10600.85
2022-12-23,12398.15,10853.58
2022-12-26,12372.07,10787.12
2022-12-27,12412.51,10816.91
2022-12-28,12450.3,10853.0
2022-12-29,12662.94,11031.59
2022-12-30,12616.45,11048.57
2023-01-02,12653.22,11093.43
2023-01-03,12740.62,11191.92
2023-01-04,12752.18,11215.37
2023-01-05,12707.08,11185.45
2023-01-06,12734.71,11242.37
2023-01-09,12906.74,11396.62
2023-01-10,12804.93,11261.08
2023-01-11,12820.68,11277.73
2023-01-12,12733.88,11195.12
2023-01-13,12892.13,11348.36
2023-01-16,12693.01,11186.59
2023-01-17,12630.67,11112.37
2023-01-18,12672.64,11162.64
2023-01-19,12860.58,11314.31
2023-01-20,12868.27,11337.88
2023-01-23,12812.6,11268.93
2023-01-24,13048.65,11495.85
2023-01-25,12879.14,11322.92
2023-01-26,12589.6,11090.2
2023-01-27,12655.44,11096.86
2023-01-30,12610.51,11044.17
2023-01-31,12486.18,10930.57
2023-02-01,12588.43,11008.66
2023-02-02,12617.16,11071.95
2023-02-03,12548.31,10997.05
2023-02-06,12389.11,10869.53
2023-02-07,12492.3,10979.59
2023-02-08,12577.33,11081.05
2023-02-09,12546.21,11063.48
2023-02-10,12777.94,11268.55
2023-02-13,12641.62,11168.26
2023-02-14,12449.18,11004.19
2023-02-15,12364.51,10903.74
2023-02-16,12363.75,10894.72
2023-02-17,12407.43,10934.31
2023-02-20,12396.84,10926.74
2023-02-21,12436.58,10960.46
2023-02-22,12266.77,10773.01
2023-02-23,12435.02,10948.9
2023-02-24,12423.01,10923.94
2023-02-27,12563.31,11021.51
2023-02-28,12600.51,11017.08
2023-03-01,12643.94,11088.97
2023-03-02,12715.3,11162.39
2023-03-03,12781.64,11215.9
2023-03-06,12880.11,11320.93
2023-03-07,13049.75,11494.31
2023-03-08,13075.02,11552.75
2023-03-09,13159.42,11618.27
2023-03-10,13153.26,11612.57
2023-03-13,13336.38,11762.59
2023-03-14,13261.45,11681.48
2023-03-15,13478.64,11901.36
2023-03-16,13473.5,11914.04
2023-03-17,13290.72,11743.63
2023-03-20,13317.29,11776.62
2023-03-21,13277.4,11712.14
2023-03-22,13402.08,11860.04
2023-03-23,13303.35,11779.58
2023-03-24,13248.26,11713.33
2023-03-27,12972.61,11493.64
2023-03-28,12918.33,11430.78
2023-03-29,12595.32,11175.14
2023-03-30,12414.77,10991.72
2023-03-31,12507.24,11074.26
2023-04-03,12610.41,11161.99
2023-04-04,12660.39,11229.51
2023-04-05,12570.77,11119.43
2023-04-06,12565.62,11108.19
2023-04-07,12600.16,11142.42
2023-04-10,12471.97,10998.77
2023-04-11,12674.47,11176.71
2023-04-12,12798.48,11295.66
2023-04-13,12782.42,11246.3
2023-04-14,12760.93,11263.53
2023-04-17,12789.32,11274.79
2023-04-18,12545.84,11055.72
2023-04-19,12519.79,11016.04
2023-04-20,12417.53,10955.44
2023-04-21,12297.26,10865.9
2023-04-24,12294.68,10854.28
2023-04-25,12542.61,11066.77
2023-04-26,12628.62,11141.95
2023-04-27,12577.07,11071.21
2023-04-28,12649.83,11168.24
2023-05-01,12807.12,11323.92
2023-05-02,12917.65,11419.87
2023-05-03,12957.0,11444.58
2023-05-04,12874.22,11358.95
2023-05-05,12967.0,11430.03
2023-05-08,13019.7,11456.46
2023-05-09,13174.61,11560.03
2023-05-10,13292.21,11640.57
2023-05-11,13476.31,11777.79
2023-05-12,13407.33,11735.76
2023-05-15,13596.73,11912.01
2023-05-16,13604.3,11938.81
2023-05-17,13920.65,12198.53
2023-05-18,13810.1,12127.0
2023-05-19,14062.09,12376.13
2023-05-22,14077.39,12410.19
2023-05-23,13981.22,12323.15
2023-05-24,13904.94,12248.01
2023-05-25,13856.02,12185.43
2023-05-26,13912.44,12257.98
2023-05-29,13982.77,12341.84
2023-05-30,13923.26,12285.59
2023-05-31,13907.09,12286.08
2023-06-01,14217.86,12592.97
2023-06-02,14494.01,12815.73
2023-06-05,14555.28,12899.49
2023-06-06,14554.62,12910.2
2023-06-07,14574.93,12920.34
2023-06-08,14693.66,13021.2
2023-06-09,14552.78,12897.63
2023-06-12,14512.22,12876.78
2023-06-13,14283.91,12661.49
2023-06-14,14328.35,12719.55
2023-06-15,14440.94,12859.27
2023-06-16,14384.92,12825.04
2023-06-19,14614.4,13055.82
2023-06-20,14425.37,12898.26
2023-06-21,14203.21,12728.79
2023-06-22,14251.68,12775.19
2023-06-23,14430.94,12921.09
2023-06-26,14671.15,13147.48
2023-06-27,14618.75,13089.62
2023-06-28,14746.21,13177.51
2023-06-29,14736.65,13183.14
2023-06-30,14717.45,13155.89
2023-07-03,14838.67,13316.25
2023-07-04,14925.79,13413.54
2023-07-05,14683.19,13175.3
2023-07-06,14914.11,13383.0
2023-07-07,15125.14,13559.57
2023-07-10,14994.33,13488.24
2023-07-11,15021.22,13556.6
2023-07-12,15091.69,13653.39
2023-07-13,15147.23,13680.15
2023-07-14,15017.99,13609.42
2023-07-17,14914.03,13491.91
2023-07-18,14907.4,13509.92
2023-07-19,15116.78,13692.34
2023-07-20,15199.47,13787.18
2023-07-21,15157.26,13740.95
2023-07-24,15285.07,13866.96
2023-07-25,14812.48,13498.3
2023-07-26,15005.37,13660.11
2023-07-27,14753.48,13422.86
2023-07-28,14716.06,13355.99
2023-07-31,14629.78,13188.92
2023-08-01,14407.43,13020.01
2023-08-02,14614.16,13206.2
2023-08-03,14546.94,13143.22
2023-08-04,14609.94,13192.19
2023-08-07,14609.15,13183.85
2023-08-08,14678.54,13244.65
2023-08-09,14686.36,13267.95
2023-08-10,14509.53,13066.31
2023-08-11,14634.4,13234.46
2023-08-14,14582.38,13159.23
2023-08-15,14352.9,12967.82
2023-08-16,14277.36,12890.61
2023-08-17,14492.03,13111.66
2023-08-18,14646.07,13247.91
2023-08-21,14591.7,13214.49
2023-08-22,14553.88,13152.38
2023-08-23,14500.22,13120.1
2023-08-24,14824.49,13385.37
2023-08-25,14901.42,13439.82
2023-08-28,15007.81,13528.35
2023-08-29,15167.48,13696.9
2023-08-30,15223.98,13738.02
2023-08-31,15193.37,13686.76
2023-09-01,15195.34,13679.53
2023-09-04,15177.85,13676.55
2023-09-05,15193.63,13628.07
2023-09-06,15308.56,13754.69
2023-09-07,15322.63,13768.42
2023-09-08,15444.84,13906.17
2023-09-11,15444.54,13877.41
2023-09-12,15461.88,13826.21
2023-09-13,15162.02,13551.99
2023-09-14,15339.42,13694.0
2023-09-15,15419.34,13713.65
2023-09-18,15598.67,13841.58
2023-09-19,15141.79,13491.82
2023-09-20,15450.76,13784.88
2023-09-21,15454.97,13787.59
2023-09-22,15652.01,13939.11
2023-09-25,15524.45,13749.47
2023-09-26,15615.91,13840.18
2023-09-27,15453.03,13689.72
2023-09-28,15331.32,13599.13
2023-09-29,15626.81,13873.97
2023-10-02,15623.83,13859.13
2023-10-03,15656.33,13894.05
2023-10-04,15813.72,13998.93
2023-10-05,15896.46,14088.72
2023-10-06,15934.62,14074.48
2023-10-09,15977.78,14089.41
2023-10-10,16374.15,14464.77
2023-10-11,16310.73,14474.83
2023-10-12,16347.72,14510.96
2023-10-13,16495.04,14644.73
2023-10-16,16711.76,14803.95
2023-10-17,16936.02,14987.82
2023-10-18,17063.08,15057.09
2023-10-19,16907.33,14868.15
2023-10-20,17173.52,15143.23
2023-10-23,17021.08,15004.34
2023-10-24,17101.09,15049.07
2023-10-25,16974.13,14956.48
2023-10-26,16995.53,14908.85
2023-10-27,17036.25,14982.67
2023-10-30,17081.84,15021.18
2023-10-31,17149.52,15101.77
2023-11-01,17425.19,15356.67
2023-11-02,17489.95,15468.62
2023-11-03,17482.19,15415.73
2023-11-06,17654.68,15593.09
2023-11-07,17882.59,15786.75
2023-11-08,17656.99,15589.21
2023-11-09,17731.22,15689.23
2023-11-10,17871.0,15790.46
2023-11-13,17782.86,15749.1
2023-11-14,18036.36,15980.56
2023-11-15,17986.58,15969.63
2023-11-16,18062.94,16000.52
2023-11-17,18060.78,15999.78
2023-11-20,18074.62,16033.58
2023-11-21,17912.29,15832.31
2023-11-22,17641.73,15624.84
2023-11-23,17945.74,15862.36
2023-11-24,17805.61,15745.27
2023-11-27,17642.09,15606.2
2023-11-28,17295.86,15217.66
2023-11-29,17208.67,15126.37
2023-11-30,16993.64,14914.69
2023-12-01,17247.55,15158.82
2023-12-04,17410.44,15357.7
2023-12-05,17295.29,15239.66
2023-12-06,17698.2,15584.65
2023-12-07,17856.56,15753.27
2023-12-08,17860.85,15724.91
2023-12-11,17453.54,15320.68
2023-12-12,17878.1,15721.24
2023-12-13,17637.84,15515.12
2023-12-14,17349.02,15204.25
2023-12-15,17515.28,15360.72
2023-12-18,17956.04,15744.27
2023-12-19,18220.95,15990.5
2023-12-20,18304.68,16026.06
2023-12-21,18430.83,16197.41
2023-12-22,18594.54,16362.67
2023-12-25,18700.93,16503.7
2023-12-26,18742.57,16590.83
2023-12-27,18761.41,16678.26
2023-12-28,18803.13,16698.55
2023-12-29,18682.38,16600.93
2024-01-01,18606.99,16564.15
2024-01-02,18309.74,16277.2
2024-01-03,18264.62,16256.44
2024-01-04,18116.24,16076.31
2024-01-05,17912.61,15882.48
2024-01-08,17951.5,15886.28
2024-01-09,18241.9,16122.11
2024-01-10,18389.84,16241.22
2024-01-11,18075.13,15989.04
2024-01-12,17890.16,15831.59
2024-01-15,18091.72,15997.92
2024-01-16,17886.55,15829.33
2024-01-17,17790.75,15876.92
2024-01-18,17887.74,16009.58
2024-01-19,17734.11,15825.0
2024-01-22,17788.21,15855.99
2024-01-23,17547.12,15628.81
2024-01-24,17440.02,15513.91
2024-01-25,17529.89,15540.43
2024-01-26,17215.49,15301.4
2024-01-29,17291.69,15362.63
2024-01-30,17300.65,15390.53
2024-01-31,17415.02,15510.63
2024-02-01,17451.43,15587.98
2024-02-02,17700.44,15795.81
2024-02-05,17675.72,15836.03
2024-02-06,17592.98,15788.98
2024-02-07,17633.09,15805.09
2024-02-08,17716.23,15882.97
2024-02-09,17734.7,15939.18
2024-02-12,17760.39,15959.52
2024-02-13,17635.52,15866.97
2024-02-14,17529.87,15744.97
2024-02-15,17269.14,15493.01
2024-02-16,17577.39,15768.54
2024-02-19,17378.91,15569.41
2024-02-20,17269.25,15438.91
2024-02-21,17139.67,15331.05
2024-02-22,17307.27,15440.49
2024-02-23,17279.64,15373.58
2024-02-26,17460.56,15596.83
2024-02-27,17375.84,15510.21
2024-02-28,17425.62,15553.31
2024-02-29,17296.54,15401.05
2024-03-01,17704.84,15727.17
2024-03-04,17470.75,15531.59
2024-03-05,17518.01,15605.07
2024-03-06,17631.88,15738.43
2024-03-07,17696.41,15801.62
2024-03-08,17710.46,15750.32
2024-03-11,17676.61,15743.52
2024-03-12,17680.46,15738.08
2024-03-13,17667.23,15709.0
2024-03-14,17820.53,15906.96
2024-03-15,18217.17,16301.05
2024-03-18,18130.77,16218.73
2024-03-19,17881.48,15963.37
2024-03-20,17871.98,15961.96
2024-03-21,18333.26,16424.58
2024-03-22,18158.51,16285.81
2024-03-25,18474.5,16606.01
2024-03-26,18836.54,16937.63
2024-03-27,18740.85,16892.95
2024-03-28,18862.57,17009.35
2024-03-29,19197.6,17321.42
2024-04-01,19102.68,17300.33
2024-04-02,19113.55,17284.49
2024-04-03,19015.47,17174.92
2024-04-04,18869.13,16990.16
2024-04-05,18737.21,16890.31
2024-04-08,18557.91,16649.49
2024-04-09,18591.24,16659.89
2024-04-10,18468.77,16563.59
2024-04-11,18526.53,16554.89
2024-04-12,18239.02,16335.39
2024-04-15,18336.12,16428.54
2024-04-16,18502.13,16567.13
2024-04-17,18093.29,16246.21
2024-04-18,18144.66,16317.51
2024-04-19,18373.56,16565.43
2024-04-22,18165.48,16391.0
2024-04-23,18479.07,16647.95
2024-04-24,18594.29,16744.11
2024-04-25,18425.31,16624.29
2024-04-26,18427.06,16625.07
2024-04-29,18497.32,16710.73
2024-04-30,18538.01,16778.23
2024-05-01,18645.29,16907.99
2024-05-02,18491.01,16734.88
2024-05-03,18511.25,16737.46
2024-05-06,18286.14,16489.66
2024-05-07,18298.35,16490.06
2024-05-08,18153.81,16349.55
2024-05-09,18024.91,16264.93
2024-05-10,18271.22,16502.2
2024-05-13,18464.62,16722.77
2024-05-14,18606.68,16845.55
2024-05-15,18449.36,16625.79
2024-05-16,18424.2,16574.24
2024-05-17,18641.3,16819.11
2024-05-20,18685.3,16850.87
2024-05-21,19100.55,17278.8
2024-05-22,19199.14,17349.34
2024-05-23,19256.35,17364.44
2024-05-24,19160.16,17313.89
2024-05-27,19167.03,17354.94
2024-05-28,19139.86,17318.12
2024-05-29,19278.32,17447.74
2024-05-30,19444.02,17604.08
2024-05-31,19308.77,17500.03
2024-06-03,19065.01,17258.45
2024-06-04,18716.58,16977.11
2024-06-05,18803.5,17116.04
2024-06-06,18628.19,16926.05
2024-06-07,18271.69,16528.81
2024-06-10,18340.82,16549.47
2024-06-11,18796.26,16948.15
2024-06-12,18815.7,16918.82
2024-06-13,18975.18,17111.39
2024-06-14,18996.54,17137.55
2024-06-17,19004.35,17138.95
2024-06-18,19143.73,17251.25
2024-06-19,19128.63,17175.21
2024-06-20,19191.05,17255.46
2024-06-21,19252.46,17329.51
2024-06-24,19129.82,17213.75
2024-06-25,19329.3,17415.1
2024-06-26,19262.26,17436.93
2024-06-27,19160.99,17302.54
2024-06-28,19274.73,17409.5
2024-07-01,19120.12,17260.83
2024-07-02,19157.57,17339.48
2024-07-03,19140.29,17289.11
2024-07-04,19370.31,17511.42
2024-07-05,19465.68,17603.35
2024-07-08,19490.8,17623.21
2024-07-09,19608.5,17763.5
2024-07-10,19890.14,18027.62
2024-07-11,19996.33,18161.29
2024-07-12,20018.83,18261.28
2024-07-15,19775.53,18044.58
2024-07-16,19555.02,17829.66
2024-07-17,19486.63,17770.04
2024-07-18,19373.48,17653.59
2024-07-19,19324.31,17578.12
2024-07-22,19365.04,17588.05
2024-07-23,19468.64,17713.91
2024-07-24,19392.77,17674.17
2024-07-25,19487.94,17801.49
2024-07-26,19484.39,17835.92
2024-07-29,19065.67,17457.92
2024-07-30,18864.52,17292.24
2024-07-31,18848.71,17318.45
2024-08-01,18659.42,17129.29
2024-08-02,18788.5,17244.83
2024-08-05,19072.97,17521.31
2024-08-06,19327.29,17754.07
2024-08-07,19283.74,17709.18
2024-08-08,19565.79,17933.66
2024-08-09,19575.97,18027.95
2024-08-12,19475.57,17978.14
2024-08-13,19354.87,17883.7
2024-08-14,19308.94,17834.72
2024-08-15,19240.24,17750.96
2024-08-16,19272.36,17786.01
2024-08-19,19289.77,17779.72
2024-08-20,19314.33,17852.86
2024-08-21,19376.53,17908.09
2024-08-22,19637.23,18109.49
2024-08-23,19809.73,18284.65
2024-08-26,19503.9,18048.6
2024-08-27,18975.1,17578.86
2024-08-28,19150.84,17724.07
2024-08-29,18919.65,17516.06
2024-08-30,18898.09,17504.0
2024-09-02,18707.51,17314.63
2024-09-03,18388.95,17018.44
2024-09-04,18472.49,17186.83
2024-09-05,18614.94,17390.12
2024-09-06,18497.34,17275.73
2024-09-09,18054.09,16863.22
2024-09-10,17936.07,16786.02
2024-09-11,18035.63,16875.9
2024-09-12,17795.67,16579.88
2024-09-13,17878.05,16615.25
2024-09-16,17874.58,16599.58
2024-09-17,18003.5,16729.41
2024-09-18,18085.52,16786.72
2024-09-19,17902.69,16570.43
2024-09-20,18092.5,16784.16
2024-09-23,18029.35,16794.48
2024-09-24,18049.17,16793.11
2024-09-25,17845.16,16657.82
2024-09-26,17765.56,16598.54
2024-09-27,17625.37,16463.06
2024-09-30,17607.15,16434.6
2024-10-01,17928.74,16703.66
2024-10-02,17694.39,16444.25
2024-10-03,17443.56,16194.99
2024-10-04,17689.59,16451.16
2024-10-07,17645.6,16419.94
2024-10-08,17517.83,16302.93
2024-10-09,17728.11,16479.4
2024-10-10,17648.45,16411.01
2024-10-11,17991.69,16721.96
2024-10-14,18150.02,16812.77
2024-10-15,18042.47,16755.53
2024-10-16,18481.27,17134.15
2024-10-17,18412.71,17035.62
2024-10-18,18576.26,17218.6
2024-10-21,18682.85,17280.15
2024-10-22,18897.87,17530.4
2024-10-23,19191.81,17791.07
2024-10-24,19189.36,17799.66
2024-10-25,19070.22,17686.18
2024-10-28,19142.49,17736.19
2024-10-29,19039.11,17625.66
2024-10-30,19467.42,18006.06
2024-10-31,19520.53,18041.72
2024-11-01,19464.92,18011.63
2024-11-04,19486.2,18064.62
2024-11-05,19210.11,17862.69
2024-11-06,19061.38,17663.2
2024-11-07,19319.79,17896.13
2024-11-08,19200.13,17785.2
2024-11-11,18996.57,17570.54
2024-11-12,19059.88,17703.73
2024-11-13,19271.02,17995.51
2024-11-14,19466.25,18138.43
2024-11-15,19639.54,18349.64
2024-11-18,19503.78,18216.84
2024-11-19,19258.32,17936.19
2024-11-20,19528.46,18173.55
2024-11-21,19478.79,18101.41
2024-11-22,19461.84,18023.52
2024-11-25,19731.95,18329.65
2024-11-26,19923.28,18441.39
2024-11-27,19982.42,18527.87
2024-11-28,20454.63,18979.94
2024-11-29,20327.25,18828.88
2024-12-02,20546.8,18997.06
2024-12-03,20579.81,19019.78
2024-12-04,20626.31,19113.13
2024-12-05,20959.85,19441.36
2024-12-06,21028.05,19561.22
2024-12-09,21168.13,19682.78
2024-12-10,21414.99,19924.37
2024-12-11,21363.64,19865.0
2024-12-12,21221.59,19669.35
2024-12-13,21018.05,19466.93
2024-12-16,20615.42,19045.8
2024-12-17,21029.6,19464.73
2024-12-18,20786.91,19236.45
2024-12-19,20781.54,19278.69
2024-12-20,20771.06,19231.57
2024-12-23,20839.07,19260.03
2024-12-24,21021.54,19428.81
2024-12-25,21189.91,19628.11
2024-12-26,21106.78,19570.61
2024-12-27,21098.97,19528.16
2024-12-30,21220.71,19546.54
2024-12-31,21154.14,19530.85
2025-01-01,21496.85,19824.37
2025-01-02,21619.73,19921.76
2025-01-03,21807.77,20075.72
2025-01-06,21957.93,20221.8
2025-01-07,22203.95,20500.43
2025-01-08,22279.69,20527.1
2025-01-09,22019.33,20251.74
2025-01-10,22093.1,20345.46
2025-01-13,21996.3,20222.61
2025-01-14,21922.01,20124.64
2025-01-15,22065.72,20271.09
2025-01-16,22353.83,20568.99
2025-01-17,22384.88,20596.46
2025-01-20,22440.91,20687.51
2025-01-21,22837.46,21012.24
2025-01-22,22841.82,21076.91
2025-01-23,23476.89,21673.24
2025-01-24,23575.7,21836.26
2025-01-27,23213.19,21423.65
2025-01-28,23390.84,21579.79
2025-01-29,23485.6,21656.48
2025-01-30,23783.51,21975.84
2025-01-31,23947.58,22176.29
2025-02-03,23968.36,22141.14
2025-02-04,23608.89,21902.03
2025-02-05,23608.38,21869.57
2025-02-06,23427.29,21682.8
2025-02-07,23265.74,21555.51
2025-02-10,23383.32,21723.41
2025-02-11,23837.41,22122.38
2025-02-12,23915.19,22303.4
2025-02-13,23603.57,22007.29
2025-02-14,23754.4,22137.87
2025-02-17,24062.34,22405.74
2025-02-18,23897.48,22244.17
2025-02-19,23883.1,22223.84
2025-02-20,23867.15,22243.07
2025-02-21,23722.8,22174.86
2025-02-24,23920.82,22328.85
2025-02-25,23919.09,22272.11
2025-02-26,24042.52,22389.85
2025-02-27,23892.25,22121.27
2025-02-28,23798.28,22028.45
2025-03-03,23947.44,22205.33
2025-03-04,23882.42,22158.09
2025-03-05,24372.26,22600.79
2025-03-06,24254.54,22500.2
2025-03-07,24309.97,22558.57
2025-03-10,24562.8,22761.21
2025-03-11,24221.69,22396.51
2025-03-12,23773.38,22008.65
2025-03-13,23452.73,21626.42
2025-03-14,23830.9,21906.83
2025-03-17,23715.59,21757.71
2025-03-18,24311.35,22365.87
2025-03-19,24137.23,22309.25
2025-03-20,24201.46,22317.38
2025-03-21,24622.81,22621.04
2025-03-24,25147.14,23099.49
2025-03-25,25681.54,23606.48
2025-03-26,25987.49,23922.81
2025-03-27,26232.33,24172.5
2025-03-28,26429.08,24325.72
2025-03-31,26679.43,24548.67
2025-04-01,26491.96,24460.43
2025-04-02,26339.17,24189.23
2025-04-03,26369.87,24186.33
2025-04-04,26383.69,24163.69
2025-04-07,26231.12,24026.91
2025-04-08,26382.58,24278.24
2025-04-09,26644.22,24507.06
2025-04-10,26697.53,24540.14
2025-04-11,27168.25,24950.68
2025-04-14,26892.72,24643.74
2025-04-15,26844.81,24534.69
2025-04-16,26628.93,24347.5
2025-04-17,26181.91,23926.69
2025-04-18,26140.74,23905.3
2025-04-21,26174.74,23855.04
2025-04-22,26577.1,24276.91
2025-04-23,26811.99,24435.48
2025-04-24,26570.92,24167.84
2025-04-25,27075.53,24651.27
2025-04-28,27403.92,25006.28
2025-04-29,27565.98,25263.77
2025-04-30,27531.05,25249.75
2025-05-01,27280.61,25056.59
2025-05-02,27170.85,24952.12
2025-05-05,27476.28,25206.55
2025-05-06,28013.99,25715.29
2025-05-07,28387.94,26144.87
2025-05-08,28277.97,25980.58
2025-05-09,27937.42,25683.95
2025-05-12,27949.8,25750.46
2025-05-13,27405.51,25304.52
2025-05-14,27445.89,25422.17
2025-05-15,27371.26,25407.42
2025-05-16,27231.27,25276.67
2025-05-19,26873.56,24849.78
2025-05-20,27007.67,24947.84
2025-05-21,26881.57,24892.2
2025-05-22,26590.96,24602.39
2025-05-23,25838.21,23871.39
2025-05-26,25840.83,23841.49
2025-05-27,26275.8,24402.72
2025-05-28,26776.31,24794.94
2025-05-29,26726.66,24672.69
2025-05-30,26520.51,24546.65
2025-06-02,26624.22,24701.63
2025-06-03,26359.6,24494.81
2025-06-04,26420.3,24653.53
2025-06-05,26653.73,24881.72
2025-06-06,26971.57,25169.99
2025-06-09,27030.76,25146.09
2025-06-10,27028.69,25117.52
2025-06-11,26809.61,24982.57
2025-06-12,26633.63,24725.25
2025-06-13,26622.63,24726.14
2025-06-16,26714.96,24839.83
2025-06-17,26946.21,25120.8
2025-06-18,26743.55,24919.51
2025-06-19,27187.67,25285.43
2025-06-20,27131.09,25256.62
2025-06-23,27084.26,25289.57
2025-06-24,26865.79,25144.42
2025-06-25,26219.64,24522.78
2025-06-26,26463.25,24737.12
2025-06-27,26738.15,24878.12
2025-06-30,26628.38,24849.81
2025-07-01,26676.0,24896.03
2025-07-02,26877.47,25004.02
2025-07-03,26543.89,24589.13
2025-07-04,26401.47,24448.03
2025-07-07,26641.74,24604.89
2025-07-08,26336.74,24264.64
2025-07-09,26433.7,24307.38
2025-07-10,26081.56,23960.91
2025-07-11,26230.92,24061.08
2025-07-14,26150.3,24002.45
2025-07-15,25759.53,23687.87
2025-07-16,26078.29,24033.12
2025-07-17,25890.32,23832.05
2025-07-18,25757.98,23653.39
2025-07-21,25800.41,23729.98
2025-07-22,26098.29,24069.58
2025-07-23,25908.99,23796.35
2025-07-24,25910.28,23864.34
2025-07-25,26016.65,23961.95
2025-07-28,26205.96,24096.05
2025-07-29,26292.8,24179.67
2025-07-30,26214.94,24148.57
2025-07-31,25966.07,24051.25
2025-08-01,25983.57,24039.27
2025-08-04,25695.28,23809.76
2025-08-05,24948.43,23083.23
2025-08-06,25083.47,23227.9
2025-08-07,25337.16,23403.87
2025-08-08,24689.1,22794.13
2025-08-11,24482.69,22538.36
2025-08-12,24654.92,22697.39
2025-08-13,25220.95,23171.13
2025-08-14,25252.36,23211.68
2025-08-15,25114.13,23085.09
2025-08-18,25094.56,23074.45
2025-08-19,25496.82,23474.47
2025-08-20,25359.73,23343.88
2025-08-21,25164.4,23116.8
2025-08-22,25125.99,23061.91
2025-08-25,24924.67,22822.86
2025-08-26,24985.38,22896.0
2025-08-27,25366.24,23350.75
2025-08-28,25419.75,23457.54
2025-08-29,25376.57,23352.37
2025-09-01,25318.67,23259.36
2025-09-02,24912.23,22941.43
2025-09-03,25150.26,23157.28
2025-09-04,25192.84,23152.94
2025-09-05,25181.08,23148.66
2025-09-08,25967.29,23953.81
2025-09-09,26054.2,24050.59
2025-09-10,25842.76,23866.68
2025-09-11,25731.39,23761.0
2025-09-12,26028.08,24088.53
2025-09-15,26054.53,24149.84
2025-09-16,25648.04,23791.0
2025-09-17,25893.75,24070.66
2025-09-18,25713.42,23910.54
2025-09-19,26116.26,24355.9
2025-09-22,26480.54,24612.29
2025-09-23,26410.09,24472.12
2025-09-24,26751.13,24799.61
2025-09-25,26782.8,24877.59
2025-09-26,26986.22,25078.89
2025-09-29,27188.57,25225.13
2025-09-30,27034.58,24989.65
2025-10-01,26877.43,24824.64
2025-10-02,27203.91,25043.68
2025-10-03,27131.08,24960.26
2025-10-06,26987.92,24860.31
2025-10-07,26726.97,24646.99
2025-10-08,26858.25,24776.4
2025-10-09,27413.99,25273.08
2025-10-10,27124.53,25048.34
2025-10-13,27140.94,25075.37
2025-10-14,27537.42,25463.71
2025-10-15,27530.24,25454.9
2025-10-16,27632.09,25566.46
2025-10-17,27324.4,25305.59
2025-10-20,27411.15,25449.75
2025-10-21,27406.27,25342.86
2025-10-22,27618.9,25593.58
2025-10-23,28002.73,25911.87
2025-10-24,28795.86,26632.62
2025-10-27,28966.84,26856.33
2025-10-28,28980.75,26927.96
2025-10-29,29038.13,26974.6
2025-10-30,28946.25,26867.19
2025-10-31,29021.93,26941.13
2025-11-03,28930.5,26857.04
2025-11-04,29049.18,26949.99
2025-11-05,29473.12,27287.72
2025-11-06,29153.82,27034.15
2025-11-07,29443.97,27295.4
2025-11-10,29836.73,27658.49
2025-11-11,29807.41,27623.92
2025-11-12,29202.77,27101.25
2025-11-13,29018.08,26931.74
2025-11-14,29429.93,27214.81
2025-11-17,29508.92,27136.17
2025-11-18,29256.07,26869.22
2025-11-19,29119.39,26767.55
2025-11-20,29373.25,27030.53
2025-11-21,29535.9,27204.68
2025-11-24,29522.77,27200.41
2025-11-25,29404.35,27087.08
2025-11-26,29303.92,27028.39
2025-11-27,29047.32,26713.2
2025-11-28,29515.73,27136.9
2025-12-01,29382.86,26982.22
2025-12-02,29769.27,27325.28
2025-12-03,30237.62,27768.93
2025-12-04,30575.33,28075.83
2025-12-05,30436.32,27966.54
2025-12-08,30621.48,28056.92
2025-12-09,30594.77,28055.37
2025-12-10,30396.66,27739.6
2025-12-11,30443.58,27906.44
2025-12-12,30112.97,27564.94
2025-12-15,30505.82,27897.68
2025-12-16,30346.92,27846.6
2025-12-17,30439.12,27864.16
2025-12-18,30589.6,27910.63
2025-12-19,30438.9,27801.18
2025-12-22,30652.67,27981.54
2025-12-23,30424.26,27876.31
2025-12-24,30668.92,28175.07
2025-12-25,30330.41,27909.0
2025-12-26,30361.26,27860.63
2025-12-29,30924.15,28462.65
2025-12-30,30619.37,28155.85
2025-12-31,30504.56,27945.47
2026-01-01,30606.7,28081.33
2026-01-02,30636.13,28107.49
2026-01-05,30816.79,28298.43
2026-01-06,31055.53,28493.89
2026-01-07,31264.95,28697.05
2026-01-08,31580.72,29103.34
2026-01-09,31809.59,29172.42
2026-01-12,31811.29,29052.6
2026-01-13,32069.3,29170.46
2026-01-14,32665.84,29728.84
2026-01-15,32635.71,29710.18
2026-01-16,32324.1,29428.78
2026-01-19,32713.65,29788.94
2026-01-20,32749.33,29700.25
2026-01-21,32084.05,29081.83
2026-01-22,32329.82,29363.39
2026-01-23,32226.84,29248.47
2026-01-26,32225.5,29148.27
2026-01-27,32376.56,29277.6
2026-01-28,32513.97,29295.33
2026-01-29,32716.41,29507.56
2026-01-30,32586.91,29413.46
2026-02-02,32749.14,29589.14
2026-02-03,32614.37,29484.31
2026-02-04,32887.01,29725.65
2026-02-05,33210.71,29858.83
2026-02-06,32836.41,29637.41
2026-02-09,33210.13,29977.07
2026-02-10,33073.34,29877.75
2026-02-11,33363.59,30118.73
2026-02-12,33498.23,30223.82
2026-02-13,34079.97,30779.9
2026-02-16,34029.44,30766.15
2026-02-17,33893.39,30635.33
2026-02-18,33809.38,30675.44
2026-02-19,33773.05,30575.51
2026-02-20,34102.21,30749.76
2026-02-23,33565.12,30220.8
2026-02-24,33234.32,29848.69
2026-02-25,32937.45,29533.81
2026-02-26,33277.92,29784.81
2026-02-27,33905.43,30372.6
2026-03-02,33873.17,30350.33
2026-03-03,33887.66,30303.64
2026-03-04,33941.42,30372.04
2026-03-05,34363.35,30800.0
2026-03-06,34003.54,30517.42
2026-03-09,34113.72,30571.11
2026-03-10,34429.51,30810.74
2026-03-11,34592.11,30953.21
2026-03-12,34639.15,30999.47
2026-03-13,34958.6,31342.62
2026-03-16,34116.35,30460.48
2026-03-17,34422.92,30723.21
2026-03-18,34295.66,30499.92
2026-03-19,33626.36,29931.97
2026-03-20,33818.65,30161.67
2026-03-23,34247.87,30623.51
2026-03-24,34186.71,30592.05
2026-03-25,34491.78,30881.22
2026-03-26,35122.57,31383.25
2026-03-27,35587.24,31785.7
2026-03-30,36240.32,32316.2
2026-03-31,36556.24,32619.96
2026-04-01,36707.54,32650.32
2026-04-02,36063.91,32053.46
2026-04-03,36048.85,32076.63
2026-04-06,35811.7,31827.56
2026-04-07,36568.44,32491.01
2026-04-08,36567.42,32425.12
2026-04-09,36645.73,32488.39
2026-04-10,36856.37,32777.95
2026-04-13,36851.86,32751.86
2026-04-14,37465.62,33395.49
2026-04-15,37345.09,33269.53
2026-04-16,37436.16,33320.39
2026-04-17,37210.73,33065.21
2026-04-20,36696.29,32573.98
2026-04-21,36451.44,32372.57
2026-04-22,36504.88,32374.3
2026-04-23,36302.24,32279.53
2026-04-24,36047.19,32118.65
2026-04-27,35554.95,31627.25
2026-04-28,35547.09,31517.63
2026-04-29,35016.88,31039.27
2026-04-30,35319.27,31314.23
2026-05-01,35396.27,31368.89
2026-05-04,34925.89,30893.08
2026-05-05,34790.29,30815.19
2026-05-06,34530.66,30663.11
2026-05-07,34710.16,30798.48
2026-05-08,35234.77,31224.75
2026-05-11,34524.67,30607.05
2026-05-12,34596.42,30650.64
2026-05-13,34470.83,30693.83
2026-05-14,34722.53,30914.38
2026-05-15,34896.7,30997.25
2026-05-18,34607.15,30746.81
2026-05-19,34475.97,30713.31
2026-05-20,34248.96,30569.22
2026-05-21,34570.14,30947.97
2026-05-22,34566.47,30974.21
2026-05-25,35271.27,31603.45
2026-05-26,35238.31,31480.53
2026-05-27,34993.01,31301.29
2026-05-28,34508.61,30830.95
2026-05-29,33916.21,30289.21
2026-06-01,33402.23,29771.57
2026-06-02,33493.8,29850.97
2026-06-03,33697.1,30004.3
2026-06-04,33170.87,29574.34
2026-06-05,33505.04,29846.5
2026-06-08,33336.88,29809.34
2026-06-09,33394.41,29889.83
2026-06-10,33911.31,30345.49
2026-06-11,34232.5,30637.27
2026-06-12,34121.17,30535.51
2026-06-15,33783.04,30162.28
2026-06-16,33077.44,29578.61
2026-06-17,32862.3,29404.94
2026-06-18,32840.43,29379.69
2026-06-19,32511.48,29100.46
2026-06-22,32500.66,29011.85
2026-06-23,32563.86,29027.32
2026-06-24,32523.82,29012.36
2026-06-25,32292.4,28782.71
2026-06-26,32368.74,28732.68
2026-06-29,32543.19,28868.64
2026-06-30,32201.32,28549.33
2026-07-01,32589.94,28988.27
2026-07-02,32579.67,29006.2
2026-07-03,32692.19,29055.4
